participant,stage,POmax,POmean,RPMmax,RPMmean,vmax,vmean,valid,max_POmax,mean_POmean,max_RPM,mean_RPM,max_fiso,mean_fiso,P30,P5,target_torque,target_voltage
W4,warmup,3.5941155114878875,-5.96612463815168,349.9375116609125,300.018332534688,1.1143797103282325,0.9554115559555476,True,3.5941155114878875,-5.96612463815168,349.9375116609125,300.018332534688,,,,,,
W4,isometric,,,,,,,,,,,,0.3368569874418663,0.2191843320788934,,,,
W4,sprint,17.813455429146636,5.862057909543042,0.0,0.0,0.0,0.0,True,17.813455429146636,5.862057909543042,349.93740925273664,297.8479770137098,,,,,,
W4,wingate,15.328432365445007,,,,1.1143771919131913,,True,,,,,,,4.320195962621453,6.473959851539461,2.614952511522016,2.5613013798228104
