participant,stage,POmax,POmean,RPMmax,RPMmean,vmax,vmean,valid,max_POmax,mean_POmean,max_RPM,mean_RPM,max_fiso,mean_fiso
W4,warmup,17.348655147292547,5.945592442073502,349.9375131198991,300.0201092199722,1.1143797149743908,0.9554172138286431,True,17.348655147292547,5.945592442073502,349.9375131198991,300.0201092199722,,
W4,isometric,,,,,,,,,,,,0.506628916331688,0.39917964754160956
