participant,stage,POmax,POmean,RPMmax,RPMmean,vmax,vmean,valid,max_POmax,mean_POmean,max_RPM,mean_RPM
W4,warmup,18.515348398337004,7.003351866265722,349.93751267053597,299.9997056147134,1.114379713543389,0.9553522383317034,True,18.515348398337004,7.003351866265722,349.93751267053597,299.9997056147134
